BMI Category,Dietary Preference,Health Goal,Activity Level,Recommended Foods
Normal,Vegan,Sugar Management,Very Active,"Balanced Diet, Whole Grains, Legumes"
Overweight,Vegan,Blood Pressure Control,Very Active,"Leafy Greens, Fiber-Rich Foods, Lentils"
Underweight,Vegan,Cholesterol Control,Very Active,"Nuts, Avocados, Tofu, Quinoa"
Overweight,Non-Vegan,Cholesterol Control,Sedentary,"Lean Protein, Low-Carb Diet, Fish"
Underweight,Non-Vegan,Cholesterol Control,Sedentary,"Eggs, Chicken, Fish, Dairy"
Overweight,Vegan,Sugar Management,Active,"Leafy Greens, Fiber-Rich Foods, Lentils"
Normal,Vegan,Hair Fall Reduction,Very Active,"Balanced Diet, Whole Grains, Legumes"
Underweight,Non-Vegan,Blood Pressure Control,Sedentary,"Eggs, Chicken, Fish, Dairy"
Overweight,Non-Vegan,Cholesterol Control,Active,"Lean Protein, Low-Carb Diet, Fish"
Normal,Non-Vegan,Sugar Management,Sedentary,"Lean Meat, Dairy, Fruits, Vegetables"
Obese,Non-Vegan,Blood Pressure Control,Very Active,"Low-Fat Dairy, Lean Meat, Fish"
Obese,Vegan,Cholesterol Control,Very Active,"High-Fiber Foods, Fruits, Vegetables"
Underweight,Vegan,Blood Pressure Control,Very Active,"Nuts, Avocados, Tofu, Quinoa"
Normal,Vegan,Hair Fall Reduction,Active,"Balanced Diet, Whole Grains, Legumes"
Normal,Non-Vegan,Cholesterol Control,Sedentary,"Lean Meat, Dairy, Fruits, Vegetables"
Obese,Vegan,Hair Fall Reduction,Very Active,"High-Fiber Foods, Fruits, Vegetables"
Overweight,Non-Vegan,Hair Fall Reduction,Active,"Lean Protein, Low-Carb Diet, Fish"
Overweight,Non-Vegan,Sugar Management,Sedentary,"Lean Protein, Low-Carb Diet, Fish"
Obese,Non-Vegan,Sugar Management,Sedentary,"Low-Fat Dairy, Lean Meat, Fish"
Underweight,Vegan,Hair Fall Reduction,Active,"Nuts, Avocados, Tofu, Quinoa"
Normal,Vegan,Cholesterol Control,Active,"Balanced Diet, Whole Grains, Legumes"
Overweight,Non-Vegan,Sugar Management,Very Active,"Lean Protein, Low-Carb Diet, Fish"
Obese,Vegan,Hair Fall Reduction,Sedentary,"High-Fiber Foods, Fruits, Vegetables"
Underweight,Non-Vegan,Sugar Management,Sedentary,"Eggs, Chicken, Fish, Dairy"
Obese,Vegan,Blood Pressure Control,Sedentary,"High-Fiber Foods, Fruits, Vegetables"
Overweight,Vegan,Blood Pressure Control,Very Active,"Leafy Greens, Fiber-Rich Foods, Lentils"
Obese,Non-Vegan,Blood Pressure Control,Sedentary,"Low-Fat Dairy, Lean Meat, Fish"
Overweight,Vegan,Cholesterol Control,Active,"Leafy Greens, Fiber-Rich Foods, Lentils"
Underweight,Vegan,Sugar Management,Sedentary,"Nuts, Avocados, Tofu, Quinoa"
Underweight,Vegan,Sugar Management,Very Active,"Nuts, Avocados, Tofu, Quinoa"
Normal,Non-Vegan,Sugar Management,Sedentary,"Lean Meat, Dairy, Fruits, Vegetables"
Underweight,Vegan,Blood Pressure Control,Active,"Nuts, Avocados, Tofu, Quinoa"
Overweight,Vegan,Cholesterol Control,Active,"Leafy Greens, Fiber-Rich Foods, Lentils"
Normal,Vegan,Blood Pressure Control,Active,"Balanced Diet, Whole Grains, Legumes"
Obese,Vegan,Sugar Management,Very Active,"High-Fiber Foods, Fruits, Vegetables"
Underweight,Non-Vegan,Blood Pressure Control,Active,"Eggs, Chicken, Fish, Dairy"
Overweight,Vegan,Hair Fall Reduction,Sedentary,"Leafy Greens, Fiber-Rich Foods, Lentils"
Overweight,Non-Vegan,Cholesterol Control,Very Active,"Lean Protein, Low-Carb Diet, Fish"
Normal,Non-Vegan,Sugar Management,Sedentary,"Lean Meat, Dairy, Fruits, Vegetables"
Obese,Vegan,Hair Fall Reduction,Active,"High-Fiber Foods, Fruits, Vegetables"
Normal,Vegan,Hair Fall Reduction,Very Active,"Balanced Diet, Whole Grains, Legumes"
Obese,Vegan,Sugar Management,Very Active,"High-Fiber Foods, Fruits, Vegetables"
Overweight,Vegan,Hair Fall Reduction,Very Active,"Leafy Greens, Fiber-Rich Foods, Lentils"
Underweight,Vegan,Sugar Management,Active,"Nuts, Avocados, Tofu, Quinoa"
Overweight,Vegan,Sugar Management,Active,"Leafy Greens, Fiber-Rich Foods, Lentils"
Overweight,Vegan,Cholesterol Control,Active,"Leafy Greens, Fiber-Rich Foods, Lentils"
Underweight,Non-Vegan,Blood Pressure Control,Very Active,"Eggs, Chicken, Fish, Dairy"
Normal,Vegan,Hair Fall Reduction,Sedentary,"Balanced Diet, Whole Grains, Legumes"
Overweight,Vegan,Hair Fall Reduction,Active,"Leafy Greens, Fiber-Rich Foods, Lentils"
Obese,Non-Vegan,Hair Fall Reduction,Sedentary,"Low-Fat Dairy, Lean Meat, Fish"
Overweight,Non-Vegan,Cholesterol Control,Sedentary,"Lean Protein, Low-Carb Diet, Fish"
Overweight,Vegan,Hair Fall Reduction,Very Active,"Leafy Greens, Fiber-Rich Foods, Lentils"
Obese,Non-Vegan,Sugar Management,Sedentary,"Low-Fat Dairy, Lean Meat, Fish"
Obese,Vegan,Sugar Management,Sedentary,"High-Fiber Foods, Fruits, Vegetables"
Overweight,Vegan,Sugar Management,Sedentary,"Leafy Greens, Fiber-Rich Foods, Lentils"
Obese,Vegan,Hair Fall Reduction,Very Active,"High-Fiber Foods, Fruits, Vegetables"
Overweight,Vegan,Hair Fall Reduction,Very Active,"Leafy Greens, Fiber-Rich Foods, Lentils"
Overweight,Vegan,Hair Fall Reduction,Active,"Leafy Greens, Fiber-Rich Foods, Lentils"
Overweight,Vegan,Hair Fall Reduction,Active,"Leafy Greens, Fiber-Rich Foods, Lentils"
Underweight,Non-Vegan,Hair Fall Reduction,Sedentary,"Eggs, Chicken, Fish, Dairy"
Overweight,Non-Vegan,Sugar Management,Sedentary,"Lean Protein, Low-Carb Diet, Fish"
Normal,Vegan,Blood Pressure Control,Very Active,"Balanced Diet, Whole Grains, Legumes"
Obese,Vegan,Sugar Management,Sedentary,"High-Fiber Foods, Fruits, Vegetables"
Obese,Vegan,Sugar Management,Sedentary,"High-Fiber Foods, Fruits, Vegetables"
Obese,Non-Vegan,Sugar Management,Active,"Low-Fat Dairy, Lean Meat, Fish"
Overweight,Non-Vegan,Blood Pressure Control,Sedentary,"Lean Protein, Low-Carb Diet, Fish"
Overweight,Non-Vegan,Hair Fall Reduction,Very Active,"Lean Protein, Low-Carb Diet, Fish"
Normal,Non-Vegan,Sugar Management,Very Active,"Lean Meat, Dairy, Fruits, Vegetables"
Normal,Non-Vegan,Sugar Management,Sedentary,"Lean Meat, Dairy, Fruits, Vegetables"
Overweight,Vegan,Blood Pressure Control,Sedentary,"Leafy Greens, Fiber-Rich Foods, Lentils"
Underweight,Vegan,Hair Fall Reduction,Sedentary,"Nuts, Avocados, Tofu, Quinoa"
Normal,Vegan,Blood Pressure Control,Very Active,"Balanced Diet, Whole Grains, Legumes"
Overweight,Vegan,Sugar Management,Active,"Leafy Greens, Fiber-Rich Foods, Lentils"
Overweight,Vegan,Sugar Management,Active,"Leafy Greens, Fiber-Rich Foods, Lentils"
Normal,Non-Vegan,Cholesterol Control,Sedentary,"Lean Meat, Dairy, Fruits, Vegetables"
Underweight,Vegan,Hair Fall Reduction,Very Active,"Nuts, Avocados, Tofu, Quinoa"
Normal,Vegan,Cholesterol Control,Sedentary,"Balanced Diet, Whole Grains, Legumes"
Normal,Non-Vegan,Hair Fall Reduction,Active,"Lean Meat, Dairy, Fruits, Vegetables"
Underweight,Vegan,Sugar Management,Very Active,"Nuts, Avocados, Tofu, Quinoa"
Overweight,Vegan,Blood Pressure Control,Very Active,"Leafy Greens, Fiber-Rich Foods, Lentils"
Normal,Non-Vegan,Hair Fall Reduction,Active,"Lean Meat, Dairy, Fruits, Vegetables"
Normal,Non-Vegan,Cholesterol Control,Active,"Lean Meat, Dairy, Fruits, Vegetables"
Overweight,Vegan,Hair Fall Reduction,Active,"Leafy Greens, Fiber-Rich Foods, Lentils"
Underweight,Non-Vegan,Hair Fall Reduction,Active,"Eggs, Chicken, Fish, Dairy"
Obese,Vegan,Hair Fall Reduction,Very Active,"High-Fiber Foods, Fruits, Vegetables"
Overweight,Non-Vegan,Blood Pressure Control,Very Active,"Lean Protein, Low-Carb Diet, Fish"
Normal,Vegan,Sugar Management,Very Active,"Balanced Diet, Whole Grains, Legumes"
Underweight,Non-Vegan,Hair Fall Reduction,Very Active,"Eggs, Chicken, Fish, Dairy"
Underweight,Non-Vegan,Blood Pressure Control,Active,"Eggs, Chicken, Fish, Dairy"
Normal,Vegan,Hair Fall Reduction,Active,"Balanced Diet, Whole Grains, Legumes"
Overweight,Vegan,Sugar Management,Sedentary,"Leafy Greens, Fiber-Rich Foods, Lentils"
Obese,Vegan,Hair Fall Reduction,Very Active,"High-Fiber Foods, Fruits, Vegetables"
Underweight,Non-Vegan,Sugar Management,Active,"Eggs, Chicken, Fish, Dairy"
Normal,Vegan,Hair Fall Reduction,Active,"Balanced Diet, Whole Grains, Legumes"
Normal,Non-Vegan,Blood Pressure Control,Sedentary,"Lean Meat, Dairy, Fruits, Vegetables"
Normal,Non-Vegan,Cholesterol Control,Sedentary,"Lean Meat, Dairy, Fruits, Vegetables"
Underweight,Non-Vegan,Blood Pressure Control,Active,"Eggs, Chicken, Fish, Dairy"
Normal,Vegan,Hair Fall Reduction,Active,"Balanced Diet, Whole Grains, Legumes"
Obese,Vegan,Blood Pressure Control,Active,"High-Fiber Foods, Fruits, Vegetables"
Underweight,Non-Vegan,Sugar Management,Active,"Eggs, Chicken, Fish, Dairy"
Overweight,Non-Vegan,Hair Fall Reduction,Sedentary,"Lean Protein, Low-Carb Diet, Fish"
Normal,Vegan,Cholesterol Control,Very Active,"Balanced Diet, Whole Grains, Legumes"
Obese,Non-Vegan,Hair Fall Reduction,Very Active,"Low-Fat Dairy, Lean Meat, Fish"
Overweight,Vegan,Cholesterol Control,Active,"Leafy Greens, Fiber-Rich Foods, Lentils"
Obese,Vegan,Sugar Management,Sedentary,"High-Fiber Foods, Fruits, Vegetables"
Obese,Vegan,Sugar Management,Sedentary,"High-Fiber Foods, Fruits, Vegetables"
Normal,Non-Vegan,Sugar Management,Active,"Lean Meat, Dairy, Fruits, Vegetables"
Obese,Vegan,Hair Fall Reduction,Very Active,"High-Fiber Foods, Fruits, Vegetables"
Obese,Vegan,Cholesterol Control,Very Active,"High-Fiber Foods, Fruits, Vegetables"
Underweight,Vegan,Cholesterol Control,Very Active,"Nuts, Avocados, Tofu, Quinoa"
Underweight,Vegan,Hair Fall Reduction,Sedentary,"Nuts, Avocados, Tofu, Quinoa"
Underweight,Vegan,Sugar Management,Sedentary,"Nuts, Avocados, Tofu, Quinoa"
Normal,Non-Vegan,Sugar Management,Very Active,"Lean Meat, Dairy, Fruits, Vegetables"
Overweight,Non-Vegan,Blood Pressure Control,Sedentary,"Lean Protein, Low-Carb Diet, Fish"
Obese,Vegan,Hair Fall Reduction,Sedentary,"High-Fiber Foods, Fruits, Vegetables"
Normal,Non-Vegan,Sugar Management,Active,"Lean Meat, Dairy, Fruits, Vegetables"
Overweight,Non-Vegan,Hair Fall Reduction,Sedentary,"Lean Protein, Low-Carb Diet, Fish"
Normal,Vegan,Sugar Management,Sedentary,"Balanced Diet, Whole Grains, Legumes"
Normal,Vegan,Cholesterol Control,Sedentary,"Balanced Diet, Whole Grains, Legumes"
Overweight,Vegan,Sugar Management,Sedentary,"Leafy Greens, Fiber-Rich Foods, Lentils"
Obese,Vegan,Cholesterol Control,Sedentary,"High-Fiber Foods, Fruits, Vegetables"
Normal,Vegan,Sugar Management,Sedentary,"Balanced Diet, Whole Grains, Legumes"
Obese,Vegan,Hair Fall Reduction,Very Active,"High-Fiber Foods, Fruits, Vegetables"
Underweight,Vegan,Hair Fall Reduction,Very Active,"Nuts, Avocados, Tofu, Quinoa"
Obese,Vegan,Hair Fall Reduction,Active,"High-Fiber Foods, Fruits, Vegetables"
Underweight,Non-Vegan,Hair Fall Reduction,Very Active,"Eggs, Chicken, Fish, Dairy"
Normal,Vegan,Hair Fall Reduction,Very Active,"Balanced Diet, Whole Grains, Legumes"
Normal,Non-Vegan,Blood Pressure Control,Very Active,"Lean Meat, Dairy, Fruits, Vegetables"
Underweight,Vegan,Hair Fall Reduction,Sedentary,"Nuts, Avocados, Tofu, Quinoa"
Overweight,Non-Vegan,Sugar Management,Very Active,"Lean Protein, Low-Carb Diet, Fish"
Overweight,Non-Vegan,Blood Pressure Control,Active,"Lean Protein, Low-Carb Diet, Fish"
Normal,Vegan,Blood Pressure Control,Very Active,"Balanced Diet, Whole Grains, Legumes"
Overweight,Non-Vegan,Hair Fall Reduction,Very Active,"Lean Protein, Low-Carb Diet, Fish"
Normal,Non-Vegan,Sugar Management,Sedentary,"Lean Meat, Dairy, Fruits, Vegetables"
Obese,Vegan,Cholesterol Control,Sedentary,"High-Fiber Foods, Fruits, Vegetables"
Underweight,Vegan,Cholesterol Control,Active,"Nuts, Avocados, Tofu, Quinoa"
Obese,Vegan,Hair Fall Reduction,Active,"High-Fiber Foods, Fruits, Vegetables"
Overweight,Non-Vegan,Cholesterol Control,Active,"Lean Protein, Low-Carb Diet, Fish"
Obese,Non-Vegan,Sugar Management,Active,"Low-Fat Dairy, Lean Meat, Fish"
Overweight,Vegan,Sugar Management,Sedentary,"Leafy Greens, Fiber-Rich Foods, Lentils"
Normal,Non-Vegan,Cholesterol Control,Very Active,"Lean Meat, Dairy, Fruits, Vegetables"
Obese,Vegan,Cholesterol Control,Active,"High-Fiber Foods, Fruits, Vegetables"
Overweight,Non-Vegan,Sugar Management,Active,"Lean Protein, Low-Carb Diet, Fish"
Normal,Non-Vegan,Blood Pressure Control,Very Active,"Lean Meat, Dairy, Fruits, Vegetables"
Overweight,Non-Vegan,Sugar Management,Sedentary,"Lean Protein, Low-Carb Diet, Fish"
Normal,Vegan,Cholesterol Control,Active,"Balanced Diet, Whole Grains, Legumes"
Overweight,Vegan,Blood Pressure Control,Active,"Leafy Greens, Fiber-Rich Foods, Lentils"
Normal,Non-Vegan,Blood Pressure Control,Active,"Lean Meat, Dairy, Fruits, Vegetables"
Overweight,Vegan,Hair Fall Reduction,Sedentary,"Leafy Greens, Fiber-Rich Foods, Lentils"
Overweight,Vegan,Cholesterol Control,Sedentary,"Leafy Greens, Fiber-Rich Foods, Lentils"
Overweight,Vegan,Hair Fall Reduction,Active,"Leafy Greens, Fiber-Rich Foods, Lentils"
Normal,Non-Vegan,Blood Pressure Control,Sedentary,"Lean Meat, Dairy, Fruits, Vegetables"
Normal,Vegan,Hair Fall Reduction,Sedentary,"Balanced Diet, Whole Grains, Legumes"
Normal,Non-Vegan,Cholesterol Control,Sedentary,"Lean Meat, Dairy, Fruits, Vegetables"
Obese,Vegan,Cholesterol Control,Very Active,"High-Fiber Foods, Fruits, Vegetables"
Underweight,Non-Vegan,Cholesterol Control,Sedentary,"Eggs, Chicken, Fish, Dairy"
Obese,Vegan,Hair Fall Reduction,Sedentary,"High-Fiber Foods, Fruits, Vegetables"
Overweight,Non-Vegan,Cholesterol Control,Very Active,"Lean Protein, Low-Carb Diet, Fish"
Overweight,Vegan,Cholesterol Control,Active,"Leafy Greens, Fiber-Rich Foods, Lentils"
Obese,Vegan,Hair Fall Reduction,Sedentary,"High-Fiber Foods, Fruits, Vegetables"
Underweight,Vegan,Sugar Management,Sedentary,"Nuts, Avocados, Tofu, Quinoa"
Underweight,Non-Vegan,Blood Pressure Control,Active,"Eggs, Chicken, Fish, Dairy"
Overweight,Non-Vegan,Blood Pressure Control,Sedentary,"Lean Protein, Low-Carb Diet, Fish"
Underweight,Vegan,Hair Fall Reduction,Active,"Nuts, Avocados, Tofu, Quinoa"
Overweight,Non-Vegan,Sugar Management,Sedentary,"Lean Protein, Low-Carb Diet, Fish"
Normal,Vegan,Cholesterol Control,Very Active,"Balanced Diet, Whole Grains, Legumes"
Obese,Vegan,Blood Pressure Control,Active,"High-Fiber Foods, Fruits, Vegetables"
Obese,Non-Vegan,Sugar Management,Active,"Low-Fat Dairy, Lean Meat, Fish"
Obese,Non-Vegan,Hair Fall Reduction,Very Active,"Low-Fat Dairy, Lean Meat, Fish"
Underweight,Vegan,Hair Fall Reduction,Very Active,"Nuts, Avocados, Tofu, Quinoa"
Overweight,Vegan,Blood Pressure Control,Active,"Leafy Greens, Fiber-Rich Foods, Lentils"
Overweight,Non-Vegan,Cholesterol Control,Active,"Lean Protein, Low-Carb Diet, Fish"
Overweight,Vegan,Cholesterol Control,Active,"Leafy Greens, Fiber-Rich Foods, Lentils"
Normal,Vegan,Cholesterol Control,Very Active,"Balanced Diet, Whole Grains, Legumes"
Normal,Vegan,Blood Pressure Control,Sedentary,"Balanced Diet, Whole Grains, Legumes"
Normal,Non-Vegan,Hair Fall Reduction,Active,"Lean Meat, Dairy, Fruits, Vegetables"
Underweight,Non-Vegan,Hair Fall Reduction,Very Active,"Eggs, Chicken, Fish, Dairy"
Overweight,Non-Vegan,Blood Pressure Control,Active,"Lean Protein, Low-Carb Diet, Fish"
Overweight,Non-Vegan,Hair Fall Reduction,Sedentary,"Lean Protein, Low-Carb Diet, Fish"
Overweight,Non-Vegan,Blood Pressure Control,Very Active,"Lean Protein, Low-Carb Diet, Fish"
Normal,Non-Vegan,Sugar Management,Very Active,"Lean Meat, Dairy, Fruits, Vegetables"
Underweight,Vegan,Blood Pressure Control,Active,"Nuts, Avocados, Tofu, Quinoa"
Normal,Vegan,Cholesterol Control,Very Active,"Balanced Diet, Whole Grains, Legumes"
Normal,Vegan,Cholesterol Control,Sedentary,"Balanced Diet, Whole Grains, Legumes"
Normal,Vegan,Sugar Management,Active,"Balanced Diet, Whole Grains, Legumes"
Obese,Non-Vegan,Hair Fall Reduction,Sedentary,"Low-Fat Dairy, Lean Meat, Fish"
Underweight,Non-Vegan,Cholesterol Control,Active,"Eggs, Chicken, Fish, Dairy"
Overweight,Non-Vegan,Blood Pressure Control,Sedentary,"Lean Protein, Low-Carb Diet, Fish"
Obese,Vegan,Hair Fall Reduction,Active,"High-Fiber Foods, Fruits, Vegetables"
Overweight,Vegan,Hair Fall Reduction,Active,"Leafy Greens, Fiber-Rich Foods, Lentils"
Overweight,Vegan,Sugar Management,Active,"Leafy Greens, Fiber-Rich Foods, Lentils"
Normal,Vegan,Hair Fall Reduction,Very Active,"Balanced Diet, Whole Grains, Legumes"
Normal,Vegan,Blood Pressure Control,Very Active,"Balanced Diet, Whole Grains, Legumes"
Obese,Non-Vegan,Blood Pressure Control,Active,"Low-Fat Dairy, Lean Meat, Fish"
Normal,Non-Vegan,Sugar Management,Very Active,"Lean Meat, Dairy, Fruits, Vegetables"
Obese,Non-Vegan,Sugar Management,Very Active,"Low-Fat Dairy, Lean Meat, Fish"
Underweight,Non-Vegan,Blood Pressure Control,Active,"Eggs, Chicken, Fish, Dairy"
Obese,Vegan,Sugar Management,Very Active,"High-Fiber Foods, Fruits, Vegetables"
Obese,Vegan,Blood Pressure Control,Very Active,"High-Fiber Foods, Fruits, Vegetables"
Overweight,Non-Vegan,Hair Fall Reduction,Sedentary,"Lean Protein, Low-Carb Diet, Fish"
Overweight,Vegan,Sugar Management,Sedentary,"Leafy Greens, Fiber-Rich Foods, Lentils"
Normal,Non-Vegan,Sugar Management,Active,"Lean Meat, Dairy, Fruits, Vegetables"
Normal,Non-Vegan,Hair Fall Reduction,Very Active,"Lean Meat, Dairy, Fruits, Vegetables"
Underweight,Vegan,Sugar Management,Sedentary,"Nuts, Avocados, Tofu, Quinoa"
Overweight,Non-Vegan,Sugar Management,Very Active,"Lean Protein, Low-Carb Diet, Fish"
Underweight,Non-Vegan,Blood Pressure Control,Sedentary,"Eggs, Chicken, Fish, Dairy"
Overweight,Non-Vegan,Blood Pressure Control,Very Active,"Lean Protein, Low-Carb Diet, Fish"
Normal,Vegan,Blood Pressure Control,Very Active,"Balanced Diet, Whole Grains, Legumes"
Overweight,Non-Vegan,Blood Pressure Control,Very Active,"Lean Protein, Low-Carb Diet, Fish"
Underweight,Non-Vegan,Cholesterol Control,Sedentary,"Eggs, Chicken, Fish, Dairy"
Normal,Non-Vegan,Cholesterol Control,Sedentary,"Lean Meat, Dairy, Fruits, Vegetables"
Normal,Vegan,Blood Pressure Control,Active,"Balanced Diet, Whole Grains, Legumes"
Overweight,Vegan,Hair Fall Reduction,Very Active,"Leafy Greens, Fiber-Rich Foods, Lentils"
Underweight,Vegan,Hair Fall Reduction,Sedentary,"Nuts, Avocados, Tofu, Quinoa"
Underweight,Non-Vegan,Blood Pressure Control,Sedentary,"Eggs, Chicken, Fish, Dairy"
Underweight,Vegan,Hair Fall Reduction,Very Active,"Nuts, Avocados, Tofu, Quinoa"
Underweight,Vegan,Cholesterol Control,Active,"Nuts, Avocados, Tofu, Quinoa"
Obese,Vegan,Hair Fall Reduction,Sedentary,"High-Fiber Foods, Fruits, Vegetables"
Overweight,Vegan,Cholesterol Control,Active,"Leafy Greens, Fiber-Rich Foods, Lentils"
Normal,Vegan,Hair Fall Reduction,Active,"Balanced Diet, Whole Grains, Legumes"
Overweight,Non-Vegan,Sugar Management,Sedentary,"Lean Protein, Low-Carb Diet, Fish"
Underweight,Non-Vegan,Cholesterol Control,Very Active,"Eggs, Chicken, Fish, Dairy"
Obese,Vegan,Hair Fall Reduction,Active,"High-Fiber Foods, Fruits, Vegetables"
Underweight,Non-Vegan,Cholesterol Control,Sedentary,"Eggs, Chicken, Fish, Dairy"
Normal,Vegan,Cholesterol Control,Sedentary,"Balanced Diet, Whole Grains, Legumes"
Normal,Non-Vegan,Sugar Management,Sedentary,"Lean Meat, Dairy, Fruits, Vegetables"
Obese,Non-Vegan,Blood Pressure Control,Very Active,"Low-Fat Dairy, Lean Meat, Fish"
Overweight,Non-Vegan,Sugar Management,Very Active,"Lean Protein, Low-Carb Diet, Fish"
Underweight,Vegan,Cholesterol Control,Very Active,"Nuts, Avocados, Tofu, Quinoa"
Underweight,Non-Vegan,Cholesterol Control,Sedentary,"Eggs, Chicken, Fish, Dairy"
Normal,Non-Vegan,Cholesterol Control,Active,"Lean Meat, Dairy, Fruits, Vegetables"
Underweight,Non-Vegan,Cholesterol Control,Active,"Eggs, Chicken, Fish, Dairy"
Normal,Non-Vegan,Blood Pressure Control,Sedentary,"Lean Meat, Dairy, Fruits, Vegetables"
Obese,Non-Vegan,Blood Pressure Control,Active,"Low-Fat Dairy, Lean Meat, Fish"
Obese,Non-Vegan,Blood Pressure Control,Active,"Low-Fat Dairy, Lean Meat, Fish"
Overweight,Non-Vegan,Cholesterol Control,Very Active,"Lean Protein, Low-Carb Diet, Fish"
Underweight,Vegan,Sugar Management,Active,"Nuts, Avocados, Tofu, Quinoa"
Underweight,Non-Vegan,Hair Fall Reduction,Very Active,"Eggs, Chicken, Fish, Dairy"
Obese,Non-Vegan,Blood Pressure Control,Active,"Low-Fat Dairy, Lean Meat, Fish"
Underweight,Non-Vegan,Sugar Management,Active,"Eggs, Chicken, Fish, Dairy"
Overweight,Vegan,Cholesterol Control,Sedentary,"Leafy Greens, Fiber-Rich Foods, Lentils"
Underweight,Non-Vegan,Sugar Management,Sedentary,"Eggs, Chicken, Fish, Dairy"
Obese,Vegan,Sugar Management,Sedentary,"High-Fiber Foods, Fruits, Vegetables"
Normal,Non-Vegan,Hair Fall Reduction,Very Active,"Lean Meat, Dairy, Fruits, Vegetables"
Obese,Vegan,Sugar Management,Very Active,"High-Fiber Foods, Fruits, Vegetables"
Normal,Non-Vegan,Hair Fall Reduction,Very Active,"Lean Meat, Dairy, Fruits, Vegetables"
Obese,Vegan,Sugar Management,Very Active,"High-Fiber Foods, Fruits, Vegetables"
Overweight,Vegan,Hair Fall Reduction,Sedentary,"Leafy Greens, Fiber-Rich Foods, Lentils"
Normal,Non-Vegan,Cholesterol Control,Very Active,"Lean Meat, Dairy, Fruits, Vegetables"
Overweight,Vegan,Hair Fall Reduction,Very Active,"Leafy Greens, Fiber-Rich Foods, Lentils"
Obese,Non-Vegan,Blood Pressure Control,Active,"Low-Fat Dairy, Lean Meat, Fish"
Underweight,Vegan,Hair Fall Reduction,Very Active,"Nuts, Avocados, Tofu, Quinoa"
Normal,Non-Vegan,Sugar Management,Active,"Lean Meat, Dairy, Fruits, Vegetables"
Obese,Non-Vegan,Sugar Management,Very Active,"Low-Fat Dairy, Lean Meat, Fish"
Underweight,Non-Vegan,Cholesterol Control,Active,"Eggs, Chicken, Fish, Dairy"
Underweight,Vegan,Hair Fall Reduction,Very Active,"Nuts, Avocados, Tofu, Quinoa"
Obese,Vegan,Sugar Management,Sedentary,"High-Fiber Foods, Fruits, Vegetables"
Obese,Vegan,Cholesterol Control,Active,"High-Fiber Foods, Fruits, Vegetables"
Overweight,Vegan,Cholesterol Control,Sedentary,"Leafy Greens, Fiber-Rich Foods, Lentils"
Overweight,Non-Vegan,Cholesterol Control,Very Active,"Lean Protein, Low-Carb Diet, Fish"
Overweight,Non-Vegan,Blood Pressure Control,Very Active,"Lean Protein, Low-Carb Diet, Fish"
Overweight,Non-Vegan,Hair Fall Reduction,Very Active,"Lean Protein, Low-Carb Diet, Fish"
Normal,Vegan,Cholesterol Control,Active,"Balanced Diet, Whole Grains, Legumes"
Underweight,Non-Vegan,Sugar Management,Active,"Eggs, Chicken, Fish, Dairy"
Normal,Non-Vegan,Cholesterol Control,Sedentary,"Lean Meat, Dairy, Fruits, Vegetables"
Obese,Vegan,Hair Fall Reduction,Very Active,"High-Fiber Foods, Fruits, Vegetables"
Overweight,Non-Vegan,Cholesterol Control,Active,"Lean Protein, Low-Carb Diet, Fish"
Obese,Non-Vegan,Cholesterol Control,Sedentary,"Low-Fat Dairy, Lean Meat, Fish"
Obese,Vegan,Sugar Management,Sedentary,"High-Fiber Foods, Fruits, Vegetables"
Overweight,Non-Vegan,Sugar Management,Active,"Lean Protein, Low-Carb Diet, Fish"
Overweight,Vegan,Cholesterol Control,Active,"Leafy Greens, Fiber-Rich Foods, Lentils"
Overweight,Vegan,Blood Pressure Control,Very Active,"Leafy Greens, Fiber-Rich Foods, Lentils"
Obese,Non-Vegan,Hair Fall Reduction,Very Active,"Low-Fat Dairy, Lean Meat, Fish"
Obese,Non-Vegan,Sugar Management,Active,"Low-Fat Dairy, Lean Meat, Fish"
Normal,Vegan,Hair Fall Reduction,Active,"Balanced Diet, Whole Grains, Legumes"
Obese,Non-Vegan,Sugar Management,Active,"Low-Fat Dairy, Lean Meat, Fish"
Obese,Vegan,Sugar Management,Very Active,"High-Fiber Foods, Fruits, Vegetables"
Overweight,Vegan,Cholesterol Control,Very Active,"Leafy Greens, Fiber-Rich Foods, Lentils"
Normal,Non-Vegan,Cholesterol Control,Sedentary,"Lean Meat, Dairy, Fruits, Vegetables"
Underweight,Vegan,Sugar Management,Very Active,"Nuts, Avocados, Tofu, Quinoa"
Normal,Non-Vegan,Cholesterol Control,Sedentary,"Lean Meat, Dairy, Fruits, Vegetables"
Underweight,Vegan,Blood Pressure Control,Active,"Nuts, Avocados, Tofu, Quinoa"
Underweight,Non-Vegan,Sugar Management,Active,"Eggs, Chicken, Fish, Dairy"
Overweight,Non-Vegan,Sugar Management,Active,"Lean Protein, Low-Carb Diet, Fish"
Underweight,Non-Vegan,Sugar Management,Active,"Eggs, Chicken, Fish, Dairy"
Obese,Vegan,Blood Pressure Control,Active,"High-Fiber Foods, Fruits, Vegetables"
Normal,Vegan,Blood Pressure Control,Sedentary,"Balanced Diet, Whole Grains, Legumes"
Underweight,Non-Vegan,Hair Fall Reduction,Sedentary,"Eggs, Chicken, Fish, Dairy"
Underweight,Non-Vegan,Cholesterol Control,Very Active,"Eggs, Chicken, Fish, Dairy"
Underweight,Vegan,Hair Fall Reduction,Very Active,"Nuts, Avocados, Tofu, Quinoa"
Obese,Vegan,Sugar Management,Very Active,"High-Fiber Foods, Fruits, Vegetables"
Overweight,Vegan,Blood Pressure Control,Active,"Leafy Greens, Fiber-Rich Foods, Lentils"
Underweight,Vegan,Sugar Management,Active,"Nuts, Avocados, Tofu, Quinoa"
Obese,Vegan,Cholesterol Control,Sedentary,"High-Fiber Foods, Fruits, Vegetables"
Obese,Vegan,Hair Fall Reduction,Sedentary,"High-Fiber Foods, Fruits, Vegetables"
Underweight,Non-Vegan,Blood Pressure Control,Sedentary,"Eggs, Chicken, Fish, Dairy"
Normal,Vegan,Hair Fall Reduction,Very Active,"Balanced Diet, Whole Grains, Legumes"
Obese,Non-Vegan,Hair Fall Reduction,Sedentary,"Low-Fat Dairy, Lean Meat, Fish"
Obese,Non-Vegan,Cholesterol Control,Very Active,"Low-Fat Dairy, Lean Meat, Fish"
Overweight,Non-Vegan,Blood Pressure Control,Active,"Lean Protein, Low-Carb Diet, Fish"
Underweight,Non-Vegan,Hair Fall Reduction,Active,"Eggs, Chicken, Fish, Dairy"
Obese,Vegan,Hair Fall Reduction,Sedentary,"High-Fiber Foods, Fruits, Vegetables"
Overweight,Vegan,Cholesterol Control,Very Active,"Leafy Greens, Fiber-Rich Foods, Lentils"
Obese,Vegan,Blood Pressure Control,Very Active,"High-Fiber Foods, Fruits, Vegetables"
Underweight,Non-Vegan,Hair Fall Reduction,Active,"Eggs, Chicken, Fish, Dairy"
Underweight,Non-Vegan,Sugar Management,Active,"Eggs, Chicken, Fish, Dairy"
Obese,Non-Vegan,Sugar Management,Very Active,"Low-Fat Dairy, Lean Meat, Fish"
Overweight,Vegan,Cholesterol Control,Active,"Leafy Greens, Fiber-Rich Foods, Lentils"
Normal,Non-Vegan,Blood Pressure Control,Active,"Lean Meat, Dairy, Fruits, Vegetables"
Normal,Vegan,Sugar Management,Sedentary,"Balanced Diet, Whole Grains, Legumes"
Overweight,Non-Vegan,Blood Pressure Control,Very Active,"Lean Protein, Low-Carb Diet, Fish"
Overweight,Non-Vegan,Hair Fall Reduction,Sedentary,"Lean Protein, Low-Carb Diet, Fish"
Normal,Non-Vegan,Cholesterol Control,Active,"Lean Meat, Dairy, Fruits, Vegetables"
Obese,Vegan,Cholesterol Control,Sedentary,"High-Fiber Foods, Fruits, Vegetables"
Normal,Vegan,Blood Pressure Control,Very Active,"Balanced Diet, Whole Grains, Legumes"
Underweight,Vegan,Hair Fall Reduction,Sedentary,"Nuts, Avocados, Tofu, Quinoa"
Normal,Vegan,Sugar Management,Active,"Balanced Diet, Whole Grains, Legumes"
Normal,Vegan,Hair Fall Reduction,Very Active,"Balanced Diet, Whole Grains, Legumes"
Underweight,Vegan,Sugar Management,Sedentary,"Nuts, Avocados, Tofu, Quinoa"
Obese,Vegan,Blood Pressure Control,Active,"High-Fiber Foods, Fruits, Vegetables"
Obese,Vegan,Blood Pressure Control,Very Active,"High-Fiber Foods, Fruits, Vegetables"
Overweight,Vegan,Sugar Management,Active,"Leafy Greens, Fiber-Rich Foods, Lentils"
Underweight,Vegan,Cholesterol Control,Sedentary,"Nuts, Avocados, Tofu, Quinoa"
Obese,Vegan,Hair Fall Reduction,Active,"High-Fiber Foods, Fruits, Vegetables"
Obese,Vegan,Sugar Management,Active,"High-Fiber Foods, Fruits, Vegetables"
Normal,Vegan,Hair Fall Reduction,Active,"Balanced Diet, Whole Grains, Legumes"
Overweight,Vegan,Sugar Management,Very Active,"Leafy Greens, Fiber-Rich Foods, Lentils"
Underweight,Non-Vegan,Sugar Management,Very Active,"Eggs, Chicken, Fish, Dairy"
Normal,Vegan,Blood Pressure Control,Very Active,"Balanced Diet, Whole Grains, Legumes"
Overweight,Non-Vegan,Blood Pressure Control,Sedentary,"Lean Protein, Low-Carb Diet, Fish"
Normal,Vegan,Blood Pressure Control,Sedentary,"Balanced Diet, Whole Grains, Legumes"
Overweight,Non-Vegan,Cholesterol Control,Sedentary,"Lean Protein, Low-Carb Diet, Fish"
Normal,Vegan,Hair Fall Reduction,Active,"Balanced Diet, Whole Grains, Legumes"
Obese,Non-Vegan,Blood Pressure Control,Active,"Low-Fat Dairy, Lean Meat, Fish"
Normal,Vegan,Blood Pressure Control,Active,"Balanced Diet, Whole Grains, Legumes"
Overweight,Non-Vegan,Blood Pressure Control,Very Active,"Lean Protein, Low-Carb Diet, Fish"
Overweight,Vegan,Hair Fall Reduction,Active,"Leafy Greens, Fiber-Rich Foods, Lentils"
Obese,Non-Vegan,Sugar Management,Sedentary,"Low-Fat Dairy, Lean Meat, Fish"
Overweight,Vegan,Blood Pressure Control,Active,"Leafy Greens, Fiber-Rich Foods, Lentils"
Normal,Non-Vegan,Hair Fall Reduction,Very Active,"Lean Meat, Dairy, Fruits, Vegetables"
Overweight,Vegan,Cholesterol Control,Active,"Leafy Greens, Fiber-Rich Foods, Lentils"
Overweight,Non-Vegan,Cholesterol Control,Active,"Lean Protein, Low-Carb Diet, Fish"
Overweight,Vegan,Cholesterol Control,Active,"Leafy Greens, Fiber-Rich Foods, Lentils"
Obese,Non-Vegan,Sugar Management,Very Active,"Low-Fat Dairy, Lean Meat, Fish"
Underweight,Vegan,Hair Fall Reduction,Sedentary,"Nuts, Avocados, Tofu, Quinoa"
Underweight,Non-Vegan,Blood Pressure Control,Active,"Eggs, Chicken, Fish, Dairy"
Normal,Non-Vegan,Cholesterol Control,Very Active,"Lean Meat, Dairy, Fruits, Vegetables"
Overweight,Vegan,Cholesterol Control,Sedentary,"Leafy Greens, Fiber-Rich Foods, Lentils"
Overweight,Vegan,Cholesterol Control,Active,"Leafy Greens, Fiber-Rich Foods, Lentils"
Obese,Non-Vegan,Sugar Management,Very Active,"Low-Fat Dairy, Lean Meat, Fish"
Underweight,Vegan,Blood Pressure Control,Very Active,"Nuts, Avocados, Tofu, Quinoa"
Underweight,Non-Vegan,Sugar Management,Active,"Eggs, Chicken, Fish, Dairy"
Underweight,Non-Vegan,Blood Pressure Control,Very Active,"Eggs, Chicken, Fish, Dairy"
Obese,Non-Vegan,Blood Pressure Control,Very Active,"Low-Fat Dairy, Lean Meat, Fish"
Normal,Non-Vegan,Sugar Management,Very Active,"Lean Meat, Dairy, Fruits, Vegetables"
Obese,Non-Vegan,Cholesterol Control,Active,"Low-Fat Dairy, Lean Meat, Fish"
Overweight,Vegan,Cholesterol Control,Sedentary,"Leafy Greens, Fiber-Rich Foods, Lentils"
Obese,Vegan,Cholesterol Control,Sedentary,"High-Fiber Foods, Fruits, Vegetables"
Normal,Non-Vegan,Cholesterol Control,Sedentary,"Lean Meat, Dairy, Fruits, Vegetables"
Obese,Non-Vegan,Cholesterol Control,Very Active,"Low-Fat Dairy, Lean Meat, Fish"
Obese,Vegan,Sugar Management,Active,"High-Fiber Foods, Fruits, Vegetables"
Normal,Non-Vegan,Hair Fall Reduction,Very Active,"Lean Meat, Dairy, Fruits, Vegetables"
Underweight,Vegan,Hair Fall Reduction,Active,"Nuts, Avocados, Tofu, Quinoa"
Overweight,Vegan,Blood Pressure Control,Active,"Leafy Greens, Fiber-Rich Foods, Lentils"
Overweight,Vegan,Sugar Management,Active,"Leafy Greens, Fiber-Rich Foods, Lentils"
Normal,Vegan,Sugar Management,Very Active,"Balanced Diet, Whole Grains, Legumes"
Obese,Vegan,Sugar Management,Very Active,"High-Fiber Foods, Fruits, Vegetables"
Normal,Non-Vegan,Hair Fall Reduction,Active,"Lean Meat, Dairy, Fruits, Vegetables"
Normal,Non-Vegan,Sugar Management,Sedentary,"Lean Meat, Dairy, Fruits, Vegetables"
Overweight,Non-Vegan,Sugar Management,Very Active,"Lean Protein, Low-Carb Diet, Fish"
Overweight,Vegan,Sugar Management,Active,"Leafy Greens, Fiber-Rich Foods, Lentils"
Obese,Non-Vegan,Cholesterol Control,Very Active,"Low-Fat Dairy, Lean Meat, Fish"
Underweight,Vegan,Hair Fall Reduction,Sedentary,"Nuts, Avocados, Tofu, Quinoa"
Overweight,Non-Vegan,Sugar Management,Active,"Lean Protein, Low-Carb Diet, Fish"
Obese,Non-Vegan,Blood Pressure Control,Active,"Low-Fat Dairy, Lean Meat, Fish"
Overweight,Vegan,Hair Fall Reduction,Sedentary,"Leafy Greens, Fiber-Rich Foods, Lentils"
Overweight,Vegan,Sugar Management,Active,"Leafy Greens, Fiber-Rich Foods, Lentils"
Underweight,Non-Vegan,Sugar Management,Active,"Eggs, Chicken, Fish, Dairy"
Overweight,Vegan,Cholesterol Control,Very Active,"Leafy Greens, Fiber-Rich Foods, Lentils"
Overweight,Non-Vegan,Sugar Management,Active,"Lean Protein, Low-Carb Diet, Fish"
Underweight,Vegan,Cholesterol Control,Sedentary,"Nuts, Avocados, Tofu, Quinoa"
Overweight,Non-Vegan,Blood Pressure Control,Very Active,"Lean Protein, Low-Carb Diet, Fish"
Obese,Non-Vegan,Sugar Management,Very Active,"Low-Fat Dairy, Lean Meat, Fish"
Underweight,Non-Vegan,Cholesterol Control,Active,"Eggs, Chicken, Fish, Dairy"
Normal,Vegan,Sugar Management,Active,"Balanced Diet, Whole Grains, Legumes"
Obese,Non-Vegan,Blood Pressure Control,Active,"Low-Fat Dairy, Lean Meat, Fish"
Obese,Non-Vegan,Blood Pressure Control,Very Active,"Low-Fat Dairy, Lean Meat, Fish"
Normal,Non-Vegan,Hair Fall Reduction,Sedentary,"Lean Meat, Dairy, Fruits, Vegetables"
Underweight,Non-Vegan,Hair Fall Reduction,Very Active,"Eggs, Chicken, Fish, Dairy"
Overweight,Vegan,Blood Pressure Control,Active,"Leafy Greens, Fiber-Rich Foods, Lentils"
Normal,Non-Vegan,Cholesterol Control,Sedentary,"Lean Meat, Dairy, Fruits, Vegetables"
Obese,Vegan,Hair Fall Reduction,Active,"High-Fiber Foods, Fruits, Vegetables"
Underweight,Vegan,Sugar Management,Very Active,"Nuts, Avocados, Tofu, Quinoa"
Obese,Vegan,Sugar Management,Active,"High-Fiber Foods, Fruits, Vegetables"
Normal,Vegan,Blood Pressure Control,Sedentary,"Balanced Diet, Whole Grains, Legumes"
Overweight,Vegan,Hair Fall Reduction,Active,"Leafy Greens, Fiber-Rich Foods, Lentils"
Normal,Vegan,Hair Fall Reduction,Active,"Balanced Diet, Whole Grains, Legumes"
Normal,Non-Vegan,Cholesterol Control,Very Active,"Lean Meat, Dairy, Fruits, Vegetables"
Normal,Vegan,Blood Pressure Control,Very Active,"Balanced Diet, Whole Grains, Legumes"
Overweight,Vegan,Blood Pressure Control,Sedentary,"Leafy Greens, Fiber-Rich Foods, Lentils"
Underweight,Non-Vegan,Sugar Management,Active,"Eggs, Chicken, Fish, Dairy"
Underweight,Non-Vegan,Blood Pressure Control,Sedentary,"Eggs, Chicken, Fish, Dairy"
Underweight,Non-Vegan,Sugar Management,Sedentary,"Eggs, Chicken, Fish, Dairy"
Normal,Non-Vegan,Sugar Management,Very Active,"Lean Meat, Dairy, Fruits, Vegetables"
Obese,Vegan,Cholesterol Control,Active,"High-Fiber Foods, Fruits, Vegetables"
Obese,Non-Vegan,Sugar Management,Sedentary,"Low-Fat Dairy, Lean Meat, Fish"
Normal,Non-Vegan,Blood Pressure Control,Sedentary,"Lean Meat, Dairy, Fruits, Vegetables"
Obese,Non-Vegan,Hair Fall Reduction,Active,"Low-Fat Dairy, Lean Meat, Fish"
Obese,Vegan,Hair Fall Reduction,Very Active,"High-Fiber Foods, Fruits, Vegetables"
Underweight,Non-Vegan,Sugar Management,Sedentary,"Eggs, Chicken, Fish, Dairy"
Underweight,Non-Vegan,Cholesterol Control,Very Active,"Eggs, Chicken, Fish, Dairy"
Obese,Vegan,Sugar Management,Active,"High-Fiber Foods, Fruits, Vegetables"
Obese,Non-Vegan,Blood Pressure Control,Sedentary,"Low-Fat Dairy, Lean Meat, Fish"
Overweight,Vegan,Cholesterol Control,Active,"Leafy Greens, Fiber-Rich Foods, Lentils"
Overweight,Non-Vegan,Cholesterol Control,Very Active,"Lean Protein, Low-Carb Diet, Fish"
Underweight,Vegan,Hair Fall Reduction,Active,"Nuts, Avocados, Tofu, Quinoa"
Overweight,Vegan,Hair Fall Reduction,Sedentary,"Leafy Greens, Fiber-Rich Foods, Lentils"
Overweight,Vegan,Sugar Management,Active,"Leafy Greens, Fiber-Rich Foods, Lentils"
Overweight,Vegan,Hair Fall Reduction,Active,"Leafy Greens, Fiber-Rich Foods, Lentils"
Normal,Vegan,Cholesterol Control,Sedentary,"Balanced Diet, Whole Grains, Legumes"
Overweight,Non-Vegan,Cholesterol Control,Active,"Lean Protein, Low-Carb Diet, Fish"
Underweight,Non-Vegan,Hair Fall Reduction,Sedentary,"Eggs, Chicken, Fish, Dairy"
Underweight,Vegan,Cholesterol Control,Active,"Nuts, Avocados, Tofu, Quinoa"
Overweight,Vegan,Hair Fall Reduction,Sedentary,"Leafy Greens, Fiber-Rich Foods, Lentils"
Obese,Vegan,Sugar Management,Sedentary,"High-Fiber Foods, Fruits, Vegetables"
Obese,Vegan,Blood Pressure Control,Very Active,"High-Fiber Foods, Fruits, Vegetables"
Underweight,Non-Vegan,Sugar Management,Active,"Eggs, Chicken, Fish, Dairy"
Normal,Non-Vegan,Hair Fall Reduction,Sedentary,"Lean Meat, Dairy, Fruits, Vegetables"
Overweight,Vegan,Sugar Management,Sedentary,"Leafy Greens, Fiber-Rich Foods, Lentils"
Overweight,Vegan,Sugar Management,Very Active,"Leafy Greens, Fiber-Rich Foods, Lentils"
Normal,Vegan,Hair Fall Reduction,Very Active,"Balanced Diet, Whole Grains, Legumes"
Overweight,Non-Vegan,Blood Pressure Control,Very Active,"Lean Protein, Low-Carb Diet, Fish"
Overweight,Non-Vegan,Hair Fall Reduction,Active,"Lean Protein, Low-Carb Diet, Fish"
Underweight,Non-Vegan,Hair Fall Reduction,Sedentary,"Eggs, Chicken, Fish, Dairy"
Normal,Non-Vegan,Sugar Management,Sedentary,"Lean Meat, Dairy, Fruits, Vegetables"
Overweight,Non-Vegan,Sugar Management,Very Active,"Lean Protein, Low-Carb Diet, Fish"
Obese,Non-Vegan,Hair Fall Reduction,Active,"Low-Fat Dairy, Lean Meat, Fish"
Overweight,Non-Vegan,Blood Pressure Control,Very Active,"Lean Protein, Low-Carb Diet, Fish"
Obese,Vegan,Hair Fall Reduction,Active,"High-Fiber Foods, Fruits, Vegetables"
Normal,Non-Vegan,Sugar Management,Active,"Lean Meat, Dairy, Fruits, Vegetables"
Obese,Non-Vegan,Blood Pressure Control,Very Active,"Low-Fat Dairy, Lean Meat, Fish"
Normal,Non-Vegan,Cholesterol Control,Sedentary,"Lean Meat, Dairy, Fruits, Vegetables"
Obese,Non-Vegan,Sugar Management,Active,"Low-Fat Dairy, Lean Meat, Fish"
Normal,Non-Vegan,Hair Fall Reduction,Very Active,"Lean Meat, Dairy, Fruits, Vegetables"
Underweight,Non-Vegan,Blood Pressure Control,Sedentary,"Eggs, Chicken, Fish, Dairy"
Normal,Non-Vegan,Cholesterol Control,Very Active,"Lean Meat, Dairy, Fruits, Vegetables"
Obese,Vegan,Sugar Management,Active,"High-Fiber Foods, Fruits, Vegetables"
Underweight,Non-Vegan,Sugar Management,Very Active,"Eggs, Chicken, Fish, Dairy"
Obese,Non-Vegan,Cholesterol Control,Active,"Low-Fat Dairy, Lean Meat, Fish"
Normal,Vegan,Cholesterol Control,Active,"Balanced Diet, Whole Grains, Legumes"
Overweight,Non-Vegan,Cholesterol Control,Active,"Lean Protein, Low-Carb Diet, Fish"
Normal,Vegan,Sugar Management,Active,"Balanced Diet, Whole Grains, Legumes"
Obese,Vegan,Cholesterol Control,Active,"High-Fiber Foods, Fruits, Vegetables"
Obese,Non-Vegan,Hair Fall Reduction,Active,"Low-Fat Dairy, Lean Meat, Fish"
Normal,Vegan,Sugar Management,Very Active,"Balanced Diet, Whole Grains, Legumes"
Normal,Non-Vegan,Sugar Management,Very Active,"Lean Meat, Dairy, Fruits, Vegetables"
Obese,Vegan,Cholesterol Control,Sedentary,"High-Fiber Foods, Fruits, Vegetables"
Normal,Vegan,Sugar Management,Sedentary,"Balanced Diet, Whole Grains, Legumes"
Overweight,Non-Vegan,Hair Fall Reduction,Active,"Lean Protein, Low-Carb Diet, Fish"
Obese,Vegan,Sugar Management,Sedentary,"High-Fiber Foods, Fruits, Vegetables"
Underweight,Vegan,Cholesterol Control,Active,"Nuts, Avocados, Tofu, Quinoa"
Underweight,Non-Vegan,Blood Pressure Control,Active,"Eggs, Chicken, Fish, Dairy"
Overweight,Non-Vegan,Cholesterol Control,Very Active,"Lean Protein, Low-Carb Diet, Fish"
Overweight,Non-Vegan,Hair Fall Reduction,Very Active,"Lean Protein, Low-Carb Diet, Fish"
Underweight,Vegan,Sugar Management,Active,"Nuts, Avocados, Tofu, Quinoa"
Underweight,Vegan,Blood Pressure Control,Active,"Nuts, Avocados, Tofu, Quinoa"
Underweight,Non-Vegan,Sugar Management,Sedentary,"Eggs, Chicken, Fish, Dairy"
Normal,Non-Vegan,Hair Fall Reduction,Active,"Lean Meat, Dairy, Fruits, Vegetables"
Obese,Vegan,Hair Fall Reduction,Active,"High-Fiber Foods, Fruits, Vegetables"
Obese,Vegan,Sugar Management,Active,"High-Fiber Foods, Fruits, Vegetables"
Overweight,Non-Vegan,Cholesterol Control,Sedentary,"Lean Protein, Low-Carb Diet, Fish"
Normal,Non-Vegan,Sugar Management,Active,"Lean Meat, Dairy, Fruits, Vegetables"
Obese,Vegan,Blood Pressure Control,Active,"High-Fiber Foods, Fruits, Vegetables"
Underweight,Non-Vegan,Cholesterol Control,Sedentary,"Eggs, Chicken, Fish, Dairy"
Normal,Vegan,Hair Fall Reduction,Active,"Balanced Diet, Whole Grains, Legumes"
Normal,Vegan,Cholesterol Control,Active,"Balanced Diet, Whole Grains, Legumes"
Underweight,Vegan,Blood Pressure Control,Very Active,"Nuts, Avocados, Tofu, Quinoa"
Obese,Vegan,Sugar Management,Active,"High-Fiber Foods, Fruits, Vegetables"
Overweight,Non-Vegan,Cholesterol Control,Very Active,"Lean Protein, Low-Carb Diet, Fish"
Underweight,Vegan,Cholesterol Control,Active,"Nuts, Avocados, Tofu, Quinoa"
Obese,Vegan,Cholesterol Control,Very Active,"High-Fiber Foods, Fruits, Vegetables"
Underweight,Vegan,Sugar Management,Sedentary,"Nuts, Avocados, Tofu, Quinoa"
Normal,Non-Vegan,Cholesterol Control,Very Active,"Lean Meat, Dairy, Fruits, Vegetables"
Overweight,Vegan,Cholesterol Control,Sedentary,"Leafy Greens, Fiber-Rich Foods, Lentils"
Obese,Vegan,Hair Fall Reduction,Very Active,"High-Fiber Foods, Fruits, Vegetables"
Normal,Vegan,Hair Fall Reduction,Active,"Balanced Diet, Whole Grains, Legumes"
Underweight,Non-Vegan,Hair Fall Reduction,Very Active,"Eggs, Chicken, Fish, Dairy"
Overweight,Non-Vegan,Hair Fall Reduction,Active,"Lean Protein, Low-Carb Diet, Fish"
Overweight,Vegan,Sugar Management,Sedentary,"Leafy Greens, Fiber-Rich Foods, Lentils"
Obese,Vegan,Hair Fall Reduction,Very Active,"High-Fiber Foods, Fruits, Vegetables"
Obese,Non-Vegan,Cholesterol Control,Sedentary,"Low-Fat Dairy, Lean Meat, Fish"
Normal,Non-Vegan,Blood Pressure Control,Very Active,"Lean Meat, Dairy, Fruits, Vegetables"
Obese,Vegan,Hair Fall Reduction,Sedentary,"High-Fiber Foods, Fruits, Vegetables"
Normal,Non-Vegan,Sugar Management,Very Active,"Lean Meat, Dairy, Fruits, Vegetables"
Overweight,Non-Vegan,Cholesterol Control,Sedentary,"Lean Protein, Low-Carb Diet, Fish"
Overweight,Vegan,Sugar Management,Sedentary,"Leafy Greens, Fiber-Rich Foods, Lentils"
Obese,Non-Vegan,Blood Pressure Control,Very Active,"Low-Fat Dairy, Lean Meat, Fish"
Underweight,Non-Vegan,Cholesterol Control,Active,"Eggs, Chicken, Fish, Dairy"
Overweight,Vegan,Sugar Management,Sedentary,"Leafy Greens, Fiber-Rich Foods, Lentils"
Overweight,Vegan,Cholesterol Control,Sedentary,"Leafy Greens, Fiber-Rich Foods, Lentils"
